<blocks app="Snap! 4.0, http://snap.berkeley.edu" version="1"><block-definition s="connect arduino %&apos;type&apos; at %&apos;port&apos;" type="command" category="sensing"><header></header><code></code><inputs><input type="%txt">ArduinoUNO<options>Mini=ArduinoMini
Pro w/ atmega168=ArduinoPro
Mega=ArduinoMega
Ng or older w/ atmega8=ArduinoATmega8
Uno=ArduinoUNO
Lilypad w/ atmega328=ArduinoLilyPad328
Lilypad w/ atmega168=ArduinoLilyPad
Ng or older w/ atmega168=ArduinoATmega168
Pro w/ atmega328=ArduinoPro328
Diecimila w/ atmega168=ArduinoDiecimila
Mega 2560=ArduinoMega2560
Bluetooth=ArduinoBT
Duemilanove w/ atmega328=ArduinoATmega328</options></input><input type="%s">/dev/ttyACM0</input></inputs><script><block s="doIfElse"><block s="reportEquals"><block s="reportURL"><block s="reportJoinWords"><list><l>localhost:8080/connect?port=</l><block var="port"/><l>&amp;type=</l><block var="type"/></list></block></block><l>OK</l></block><script><block s="webSocketSend"><l>boardSpecs</l></block></script><script><block s="doReport"><l>error!</l></block></script></block></script></block-definition><block-definition s="set digital pin %&apos;pin&apos; to %&apos;boolean&apos;" type="command" category="sensing"><header></header><code></code><inputs><input type="%n"></input><input type="%b"></input></inputs><script><block s="doDeclareVariables"><list><l>bool</l></list></block><block s="doIfElse"><block var="boolean"/><script><block s="doSetVar"><l>bool</l><l>1</l></block></script><script><block s="doSetVar"><l>bool</l><l>0</l></block></script></block><block s="webSocketSend"><block s="reportJoinWords"><list><l>digitalWrite&amp;</l><block var="pin"/><l>&amp;</l><block var="bool"/></list></block></block></script></block-definition><block-definition s="set servo %&apos;pin&apos; to %&apos;value&apos;" type="command" category="sensing"><header></header><code></code><inputs><input type="%n"></input><input type="%txt">clockwise<options>clockwise
counter-clockwise
stopped</options></input></inputs><script><block s="doDeclareVariables"><list><l>servoValue</l></list></block><block s="doIf"><block s="reportEquals"><block var="value"/><l>clockwise</l></block><script><block s="doSetVar"><l>servoValue</l><l>1200</l></block></script></block><block s="doIf"><block s="reportEquals"><block var="value"/><l>counter-clockwise</l></block><script><block s="doSetVar"><l>servoValue</l><l>1700</l></block></script></block><block s="doIf"><block s="reportEquals"><block var="value"/><l>stopped</l></block><script><block s="doSetVar"><l>servoValue</l><l>1500</l></block></script></block><block s="webSocketSend"><block s="reportJoinWords"><list><l>servoWrite&amp;</l><block var="pin"/><l>&amp;</l><block var="servoValue"/></list></block></block></script></block-definition><block-definition s="setup digital pin %&apos;pin&apos; as %&apos;pin mode&apos;" type="command" category="sensing"><header></header><code></code><inputs><input type="%n"></input><input type="%txt">digital input
<options>digital input
digital output
PWM
servo</options></input></inputs><script><block s="doDeclareVariables"><list><l>pinModeChar</l></list></block><block s="doIf"><block s="reportEquals"><block var="pin mode"/><l>digital input</l></block><script><block s="doSetVar"><l>pinModeChar</l><l>I</l></block></script></block><block s="doIf"><block s="reportEquals"><block var="pin mode"/><l>digital output</l></block><script><block s="doSetVar"><l>pinModeChar</l><l>O</l></block></script></block><block s="doIf"><block s="reportEquals"><block var="pin mode"/><l>servo</l></block><script><block s="doSetVar"><l>pinModeChar</l><l>S</l></block></script></block><block s="doIf"><block s="reportEquals"><block var="pin mode"/><l>PWM</l></block><script><block s="doSetVar"><l>pinModeChar</l><l>S</l></block></script></block><block s="doReport"><block s="reportURL"><block s="reportJoinWords"><list><l>localhost:8080/digitalPinMode?pin=</l><block var="pin"/><l>&amp;mode=</l><block var="pinModeChar"/></list></block></block></block></script></block-definition></blocks>
